Name,Aaliyah,Abbie,Abby,Abigail,Ada,Agnes,Aimee,Aisha,Alexandra,Alice,Alicia,Alisha,Alison,Alma,Amanda,Amber,Amelia,Amelie,Amy,Andrea,Angela,Anita,Ann,Anna,Annabelle,Anne,Annette,Annie,Arabella,Aria,Ashleigh,Audrey,Aurora,Ava,Barbara,Beatrice,Bella,Bertha,Beryl,Bessie,Beth,Bethan,Bethany,Betty,Beverley,Blanche,Bonnie,Brenda,Bridget,Brooke,Caitlin,Carla,Carly,Carol,Carole,Caroline,Carolyn,Catherine,Cerys,Chantelle,Charlene,Charlie,Charlotte,Chelsea,Cheryl,Chloe,Christina,Christine,Clair,Claire,Clara,Clare,Constance,Courtney,Cynthia,Daisy,Danielle,Daphne,Darcey,Darcie,Darcy,Dawn,Debbie,Deborah,Debra,Demi,Denise,Diana,Diane,Donna,Dora,Doreen,Doris,Dorothy,Edith,Edna,Eileen,Elaine,Eleanor,Elise,Eliza,Elizabeth,Ella,Elle,Ellen,Ellie,Eloise,Elsie,Emilia,Emily,Emma,Enid,Erin,Esme,Esther,Ethel,Eva,Eve,Evelyn,Evie,Faith,Fanny,Felicity,Fiona,Florence,Frances,Francesca,Freda,Freya,Gabrielle,Gail,Gemma,Georgia,Georgina,Geraldine,Gertrude,Gillian,Gladys,Glenys,Gloria,Glynis,Grace,Gracie,Gwendoline,Hallie,Hannah,Harper,Harriet,Hayley,Hazel,Heather,Heidi,Helen,Hilary,Hilda,Hollie,Holly,Ida,Imogen,Irene,Iris,Isabel,Isabella,Isabelle,Isla,Isobel,Ivy,Jacqueline,Jade,Jane,Janet,Janice,Jasmine,Jayne,Jean,Jeanette,Jemma,Jenna,Jennifer,Jenny,Jessica,Jessie,Jill,Joan,Joanna,Joanne,Jodie,Jordan,Josephine,Joy,Joyce,Judith,Julia,Julie,June,Karen,Kate,Katherine,Kathleen,Kathryn,Katie,Katy,Kay,Kayla,Kayleigh,Keira,Kelly,Kelsey,Kerry,Kiera,Kim,Kimberley,Kirsty,Lacey,Laila,Lara,Laura,Lauren,Layla,Leah,Leanne,Lesley,Lexi,Lexie,Libby,Lilian,Lillian,Lilly,Lily,Linda,Lindsay,Lindsey,Lisa,Lola,Lorraine,Lottie,Louisa,Louise,Lucy,Luna,Lydia,Lyla,Lynda,Lyndsey,Lynn,Lynne,Lynsey,Mabel,Maddison,Madeleine,Madison,Maisie,Maisy,Mandy,Margaret,Margery,Maria,Marian,Marie,Marilyn,Marina,Marion,Marjorie,Marlene,Martha,Mary,Maryam,Matilda,Maud,Maureen,Mavis,Maxine,May,Maya,Megan,Melanie,Melissa,Mia,Michele,Michelle,Mila,Mildred,Millicent,Millie,Minnie,Miriam,Mollie,Molly,Monica,Morgan,Muriel,Mya,Nancy,Naomi,Natalie,Natasha,Nellie,Niamh,Nichola,Nicola,Nicole,Nora,Norah,Norma,Olive,Olivia,Orla,Paige,Pamela,Patricia,Paula,Pauline,Peggy,Penelope,Phoebe,Phyllis,Poppy,Rachael,Rachel,Rebecca,Rebekah,Rhiannon,Rita,Robyn,Rose,Rosemary,Rosie,Rosina,Ruby,Ruth,Sally,Samantha,Sandra,Sara,Sarah,Scarlett,Shannon,Sharon,Sheila,Shirley,Sian,Sienna,Skye,Sofia,Sonia,Sophia,Sophie,Stacey,Stella,Stephanie,Summer,Susan,Suzanne,Sybil,Sylvia,Tanya,Tara,Tegan,Teresa,Thea,Thelma,Theresa,Tia,Tilly,Tina,Toni,Tracey,Tracy,Valerie,Vanessa,Vera,Veronica,Victoria,Violet,Vivienne,Wendy,Willow,Winifred,Yasmin,Yvonne,Zara,Zoe
1904,0,0,0,0,25,35,0,0,0,8,0,0,0,0,0,0,85,0,44,0,0,0,67,0,0,61,0,6,0,0,0,0,0,0,82,26,0,65,0,69,0,0,0,0,0,93,0,0,0,0,0,0,0,0,0,81,0,34,0,0,0,0,75,0,0,0,99,0,0,0,59,0,41,0,0,47,0,0,0,0,0,0,0,0,0,0,0,0,0,0,54,0,3,5,4,42,70,0,52,0,83,9,97,0,19,0,0,10,0,23,51,0,0,0,76,13,40,0,31,0,0,89,0,0,2,37,0,86,0,0,0,0,0,0,0,33,0,11,0,0,0,38,0,56,0,60,0,78,0,0,0,0,57,0,14,0,0,58,0,39,92,0,74,0,0,0,16,0,0,43,88,0,0,0,95,0,0,0,0,0,0,36,0,90,0,0,0,0,0,0,0,0,0,0,0,0,63,0,18,0,0,0,0,0,0,0,0,0,0,0,0,0,0,0,0,0,71,0,0,0,0,0,0,0,0,15,66,0,20,0,0,0,0,0,0,0,53,0,50,0,91,0,0,0,0,0,0,24,0,0,0,0,0,0,7,98,80,0,79,0,0,68,27,0,64,1,0,0,49,0,0,0,28,0,0,0,0,0,0,0,0,72,87,0,48,94,0,0,0,0,46,0,100,0,0,0,22,0,0,0,0,55,62,0,30,0,0,0,0,0,0,0,0,0,0,32,0,0,96,0,0,0,0,0,29,0,0,84,77,73,0,0,0,0,21,0,0,0,0,0,0,0,0,0,0,0,0,0,0,0,0,0,0,0,0,0,0,0,0,0,0,0,0,0,0,0,0,0,0,0,45,0,0,17,0,0,0,12,0,0,0,0
1914,0,0,0,0,39,43,0,0,0,13,0,0,0,0,0,0,98,0,57,0,0,0,72,0,0,55,0,12,0,0,0,86,0,0,53,33,0,85,93,74,0,0,0,65,0,0,0,0,92,0,0,0,0,0,0,0,0,36,0,0,0,0,96,0,0,0,0,0,0,0,76,0,44,0,0,54,0,0,0,0,0,0,0,0,0,0,0,0,0,0,59,78,3,4,8,22,27,0,67,0,0,9,0,0,24,0,0,7,0,38,79,94,0,0,83,19,48,0,28,0,0,0,0,0,6,37,0,52,0,0,0,0,0,0,0,46,0,11,0,0,0,42,0,45,0,70,0,0,0,0,0,0,60,0,15,0,0,69,0,21,58,0,81,0,0,0,17,0,0,51,91,0,0,0,75,0,0,0,0,0,0,40,0,29,0,0,0,0,95,0,49,0,0,0,0,0,97,0,5,0,0,0,0,0,0,0,0,0,0,0,0,0,0,0,0,0,87,0,0,0,0,0,0,0,0,16,71,0,25,0,0,0,0,0,0,0,73,0,61,0,0,0,0,0,0,0,0,34,0,0,0,0,0,0,2,88,90,0,77,0,0,63,18,0,84,1,0,0,64,0,0,0,35,0,0,0,0,0,0,0,0,80,100,0,66,0,0,0,0,0,41,0,50,0,0,0,32,0,0,0,0,47,56,0,26,0,0,0,0,99,0,0,0,0,0,14,0,0,0,0,0,0,0,0,30,0,0,89,68,62,0,0,0,0,31,0,0,0,0,0,0,0,0,0,0,0,0,0,0,0,0,0,0,0,82,0,0,0,0,0,0,0,0,0,0,0,0,0,0,0,23,0,0,20,0,0,0,10,0,0,0,0
1924,0,0,0,0,74,54,0,0,0,30,0,0,0,91,0,0,0,0,100,0,0,0,76,0,0,61,0,28,0,0,0,21,0,0,18,52,0,0,39,0,0,0,0,11,0,0,0,58,86,0,0,0,0,0,0,0,0,37,0,0,0,0,0,0,0,0,0,94,0,0,0,0,45,0,0,88,0,72,0,0,0,0,0,0,0,0,0,0,0,0,93,15,7,5,22,20,10,0,89,0,0,9,0,0,41,0,0,17,0,70,0,77,0,0,0,38,65,0,35,0,0,0,0,0,23,46,0,48,0,0,0,0,0,0,0,78,0,14,0,0,0,51,0,40,0,98,0,0,0,69,0,0,62,0,26,0,0,0,0,8,34,0,0,0,0,0,32,0,0,73,96,0,0,0,12,0,0,0,0,0,0,59,0,3,0,0,0,0,71,0,4,0,0,0,80,0,0,0,6,0,0,0,0,0,0,0,0,0,0,0,0,0,0,0,0,0,0,0,0,0,0,0,0,0,0,25,90,0,47,0,0,0,0,0,0,0,0,0,92,0,0,0,0,0,0,0,0,64,0,0,0,0,0,0,1,0,66,0,63,0,0,49,13,0,0,2,0,0,0,95,83,0,56,0,0,0,0,0,0,0,0,85,0,0,0,0,0,0,87,0,33,0,50,0,0,0,68,0,0,0,0,57,82,0,27,0,0,0,60,31,0,75,36,0,0,24,0,0,0,0,0,0,79,0,44,97,0,0,67,55,0,0,0,0,53,0,0,0,43,0,0,0,0,0,0,0,0,0,81,0,0,0,0,99,42,0,0,0,0,0,84,0,0,0,0,0,0,0,0,0,16,0,0,29,0,0,0,19,0,0,0,0
1934,0,0,0,0,0,84,0,0,0,66,0,0,0,0,0,0,0,0,0,0,85,0,23,0,0,26,0,69,0,0,0,15,0,0,7,0,0,0,22,0,0,0,0,21,0,0,0,16,79,0,0,0,0,0,0,0,0,36,0,0,0,0,0,0,0,0,0,56,0,0,0,0,86,0,65,0,0,54,0,0,0,0,0,0,0,0,0,80,0,0,0,8,33,11,46,39,19,0,0,0,0,14,0,0,72,0,0,51,0,0,0,68,0,0,0,91,0,0,45,0,0,0,0,0,49,55,0,71,0,0,0,0,0,0,0,0,67,58,0,94,0,81,0,60,0,0,0,0,0,44,97,0,63,0,61,0,0,0,0,24,30,0,0,0,0,0,73,93,0,74,25,0,0,0,2,0,0,0,87,0,0,0,89,4,0,0,0,0,38,92,12,100,0,0,9,0,0,0,17,0,0,0,0,0,0,0,0,0,0,0,0,0,0,0,0,0,0,0,0,0,0,0,0,0,0,40,0,0,95,0,0,0,0,0,0,0,0,0,0,0,0,0,0,0,0,0,0,0,0,0,0,0,0,0,1,0,59,88,53,0,35,34,31,77,0,3,0,0,0,13,29,0,98,0,0,0,0,0,0,0,0,0,0,0,0,0,0,96,99,0,52,0,78,0,0,0,0,0,0,0,0,0,0,41,47,0,0,0,20,5,0,28,75,0,0,43,0,0,0,0,0,0,27,0,64,42,0,0,0,50,0,0,0,0,76,0,0,0,6,10,0,0,0,0,0,0,0,0,0,0,0,0,0,0,18,0,0,0,82,0,57,0,0,0,0,0,0,0,32,0,37,83,0,62,0,90,0,48,0,70,0,0
1944,0,0,0,0,0,0,0,0,0,0,0,0,0,0,0,0,0,0,0,0,37,78,6,0,0,20,0,0,0,0,0,67,0,0,10,0,0,0,46,0,0,0,0,69,0,0,0,22,87,0,0,0,0,12,27,95,76,42,0,0,0,0,0,0,0,0,74,3,0,0,0,0,0,0,64,0,0,94,0,0,0,0,0,0,0,0,79,51,35,0,0,38,99,31,0,0,28,50,0,0,0,15,0,0,0,0,0,0,0,0,0,0,0,0,0,0,0,0,71,0,0,0,0,0,0,48,0,0,0,0,0,0,0,84,98,0,23,0,91,59,0,0,0,97,0,0,0,0,0,47,58,0,45,62,0,0,0,0,0,34,77,0,0,0,0,0,0,25,0,53,8,49,0,0,5,75,0,0,18,0,0,0,63,16,0,0,0,0,44,90,33,30,70,92,32,0,0,0,19,0,0,0,80,0,0,0,0,0,0,0,0,0,0,0,0,0,0,0,0,0,0,55,0,0,0,88,0,0,0,24,0,0,0,0,0,0,0,0,0,0,0,0,73,0,0,0,0,0,0,0,0,0,0,0,1,0,57,81,60,54,0,40,61,68,0,4,0,0,0,9,66,0,0,0,0,0,0,0,0,0,0,0,0,0,0,0,0,0,89,0,100,0,0,0,0,0,0,0,0,0,0,0,0,56,0,0,0,0,17,2,0,14,0,72,0,96,0,0,0,0,0,0,41,0,0,36,0,0,0,65,85,0,13,0,86,0,0,0,21,39,0,0,0,0,0,0,0,0,0,0,0,7,0,0,26,0,0,0,83,0,0,0,0,0,0,0,0,0,11,0,82,52,0,0,93,29,0,0,0,43,0,0
1954,0,0,0,0,0,0,0,0,0,0,0,0,53,0,85,0,0,0,0,99,20,95,11,88,0,10,74,0,0,0,0,100,0,0,14,0,0,0,0,0,0,0,0,0,75,0,0,52,0,0,0,0,0,7,44,62,80,26,0,0,0,0,0,0,92,0,81,3,0,0,0,0,0,0,0,0,0,0,0,0,0,86,0,59,0,0,29,79,33,0,0,90,0,67,0,0,58,18,0,0,0,8,0,0,0,0,0,0,0,0,0,0,0,0,0,0,0,0,0,0,0,0,0,91,0,69,0,0,0,0,76,0,0,0,78,0,16,0,0,0,94,0,0,0,0,0,0,0,0,73,56,0,22,61,0,0,0,0,0,66,0,0,0,0,0,0,0,13,0,12,5,35,0,0,25,83,0,0,23,0,0,0,71,45,0,0,0,0,70,89,72,31,55,27,47,37,0,0,28,60,0,0,93,0,0,0,0,0,0,0,0,0,0,0,0,0,0,0,0,0,0,19,0,0,0,0,0,0,0,2,0,0,0,0,48,0,0,0,0,0,0,0,49,0,36,39,0,0,0,0,0,0,0,0,4,0,42,51,57,46,0,41,0,0,0,9,0,0,0,30,0,0,0,0,0,0,0,0,0,0,0,0,0,0,0,0,0,0,0,0,0,0,0,0,0,0,0,0,0,97,0,0,0,0,0,0,0,0,21,6,0,17,0,82,0,0,0,0,0,0,0,0,77,0,0,43,0,0,0,65,50,0,15,0,68,0,0,63,34,40,0,0,0,0,0,0,0,0,0,96,0,1,84,0,64,0,0,0,54,0,0,87,0,0,0,0,0,0,24,0,0,98,0,0,0,32,0,0,0,38,0,0
1964,0,0,0,0,0,0,0,0,0,0,0,0,14,0,16,0,0,0,0,52,12,87,40,81,0,34,79,0,0,0,0,0,0,0,69,0,0,0,0,0,0,0,0,0,41,0,0,0,0,0,0,0,0,21,68,15,80,19,0,0,0,0,0,0,84,0,0,26,0,55,0,72,0,0,0,0,0,0,0,0,0,25,92,5,32,0,38,0,9,42,0,0,0,0,0,0,0,43,0,0,0,20,0,0,0,0,0,0,0,0,0,0,0,0,0,0,0,0,0,0,0,0,0,44,0,89,0,0,0,0,70,0,0,0,0,0,28,0,0,0,0,0,0,0,0,0,0,0,0,0,59,0,8,0,0,0,0,0,0,0,0,0,0,0,0,0,0,4,0,7,24,73,0,50,0,85,0,0,45,0,0,0,75,0,90,22,0,0,0,0,0,64,57,2,0,3,0,76,77,60,0,0,86,0,0,0,0,0,0,0,56,0,0,0,0,0,97,0,0,0,0,46,0,0,0,0,0,0,0,18,0,0,54,0,35,0,0,47,0,0,0,0,93,0,61,71,0,0,0,0,0,0,0,48,39,0,30,0,66,0,0,0,0,0,0,37,0,0,0,94,0,88,0,0,0,65,0,0,96,31,0,0,0,0,0,0,0,0,0,0,0,0,0,0,0,0,0,0,0,27,0,0,0,0,0,0,0,0,67,36,33,53,0,0,0,0,0,0,74,98,0,0,0,0,0,95,0,0,0,62,29,0,17,82,13,0,0,10,99,78,0,0,0,0,0,0,0,0,0,100,0,1,51,0,0,0,0,0,58,0,0,91,0,0,49,0,6,11,83,0,0,0,0,0,0,23,0,0,0,63,0,0
1974,0,0,0,0,0,0,0,0,82,0,0,0,21,0,11,0,0,0,0,36,28,98,69,40,0,60,0,0,0,0,0,0,0,0,0,0,0,0,0,0,0,0,0,0,90,0,0,0,0,0,0,0,0,84,0,19,0,22,0,0,0,0,41,0,66,0,0,63,94,2,0,15,0,0,0,0,0,0,0,0,0,35,96,24,100,0,92,0,71,25,0,0,0,0,0,0,0,78,0,0,0,23,0,0,0,0,0,0,0,80,4,0,0,0,0,0,0,0,0,0,0,0,0,46,0,0,0,0,0,0,0,0,0,79,0,0,65,0,0,0,0,0,0,0,0,67,0,0,53,0,72,86,8,0,0,0,0,0,0,0,0,0,0,0,0,0,0,50,0,29,0,0,0,70,0,0,0,0,34,0,0,0,0,0,39,6,0,0,0,0,0,0,64,14,0,10,75,43,0,49,81,0,0,0,0,0,47,0,31,0,87,0,62,0,0,0,54,0,0,0,91,97,0,0,0,0,0,0,0,76,0,99,5,0,57,0,0,13,38,0,0,0,0,0,0,0,0,0,0,0,0,0,0,0,0,0,44,0,45,0,0,0,0,0,0,77,0,0,0,0,0,0,0,0,0,32,0,0,0,7,0,0,0,0,0,0,0,0,0,0,0,0,0,0,48,55,0,0,83,3,0,0,0,0,0,0,0,0,0,89,42,0,0,0,0,0,0,59,12,16,0,0,0,0,0,0,0,0,0,56,33,9,73,52,1,0,0,17,0,0,0,0,0,0,95,0,85,0,0,61,0,20,37,0,0,88,93,0,74,0,0,0,0,0,58,0,26,27,0,68,0,0,18,0,0,51,0,0,0,0,0,30
1984,0,0,0,80,0,0,85,0,52,83,0,0,54,0,49,0,0,0,10,93,63,0,0,39,0,0,0,0,0,0,0,0,0,0,0,0,0,0,0,0,0,0,0,0,0,0,0,0,0,0,0,88,57,0,0,46,0,37,0,0,72,0,22,0,68,97,0,89,0,6,0,30,0,0,0,0,27,0,0,0,0,90,0,77,0,0,0,0,0,28,0,0,0,0,0,0,0,0,76,0,0,25,0,0,0,0,0,0,0,36,4,0,0,0,0,0,0,0,0,0,0,0,0,61,0,0,0,0,0,0,0,3,0,84,0,0,0,0,0,0,0,0,0,0,0,20,0,0,19,0,58,0,21,0,0,0,59,0,0,0,0,0,0,0,0,0,0,95,73,86,0,0,0,0,0,0,56,45,11,92,40,0,0,0,34,23,53,0,0,0,0,0,0,71,0,51,44,29,0,50,13,65,0,0,0,0,15,0,35,0,87,43,42,0,0,0,2,33,0,99,26,0,0,0,0,0,0,0,0,0,81,79,14,0,0,0,0,17,24,0,0,0,0,94,0,0,96,0,0,0,0,0,0,0,0,0,78,0,66,0,0,0,0,0,0,98,0,0,0,0,0,0,0,0,0,69,62,0,0,18,0,0,0,0,0,0,0,0,0,0,0,0,0,67,16,47,0,0,0,12,0,0,0,0,0,0,0,0,0,0,0,0,0,0,0,0,0,48,9,5,0,0,0,0,0,0,0,0,0,60,70,8,0,55,1,0,0,0,0,0,74,0,0,0,0,0,38,32,0,31,0,82,64,0,0,91,0,0,0,0,0,0,0,0,0,100,75,0,0,0,0,0,7,0,0,0,0,0,0,0,0,41
1994,0,62,0,23,0,0,67,0,40,18,0,0,0,0,0,50,75,0,7,0,0,0,0,48,0,0,0,0,0,0,55,0,0,0,0,0,0,0,0,0,76,74,15,0,0,0,0,0,0,0,98,0,0,0,0,0,0,56,0,83,0,0,4,38,0,11,0,0,0,63,0,0,0,87,0,85,21,0,0,0,0,0,0,0,0,86,0,0,0,0,0,0,0,0,0,0,0,0,32,0,0,26,81,0,84,68,0,0,0,8,10,0,0,0,0,0,0,0,0,0,0,0,0,0,0,0,59,0,0,88,0,36,29,35,0,0,0,0,0,0,0,47,0,0,0,5,0,54,43,0,78,0,80,0,0,72,22,0,94,0,0,0,0,0,0,0,0,0,16,0,0,0,51,0,0,0,99,0,42,0,3,0,0,0,97,0,46,96,0,0,0,0,0,0,0,0,61,45,0,77,14,0,0,0,52,0,53,0,93,0,0,70,39,0,0,0,9,2,0,57,64,0,0,0,0,0,0,0,90,0,0,0,79,0,0,0,0,44,13,0,71,0,0,0,0,0,0,0,0,0,0,0,0,0,0,0,92,0,0,0,0,0,0,0,0,0,0,0,0,0,0,0,0,0,17,0,41,0,0,0,0,0,0,0,0,0,0,49,0,0,0,0,0,60,31,28,0,0,0,58,37,0,0,0,0,24,0,34,0,0,0,0,0,0,0,0,0,65,19,1,95,91,0,82,0,0,66,0,0,0,0,20,0,0,12,0,33,0,0,0,69,0,0,0,0,0,6,73,0,25,0,0,0,0,0,0,0,0,0,0,0,0,0,0,0,100,0,0,0,0,0,0,27,0,0,0,0,0,89,0,0,30
1996,0,45,0,21,0,0,70,0,38,25,98,0,0,0,0,40,63,0,9,0,0,0,0,47,0,0,0,0,0,0,58,0,0,0,0,0,0,0,0,0,83,72,13,0,0,0,0,0,0,0,66,0,0,0,0,0,0,68,0,89,0,0,7,34,0,2,0,0,0,90,0,0,0,52,0,71,20,0,0,0,0,0,0,0,0,79,0,0,0,0,0,0,0,0,0,0,0,0,22,0,0,26,56,0,63,30,0,0,0,4,14,0,100,0,0,0,0,0,0,0,0,0,0,0,0,0,62,0,0,99,0,50,16,39,0,0,0,0,0,0,0,41,0,0,0,6,0,60,57,0,78,0,0,0,0,67,23,0,91,0,0,0,0,0,0,94,0,0,19,0,0,0,55,0,0,0,0,0,54,0,3,0,0,0,0,0,43,0,0,0,0,0,0,0,0,0,59,48,0,86,12,0,0,0,51,0,74,0,0,0,0,73,53,0,0,0,17,5,0,35,88,0,0,0,0,0,0,0,85,0,0,0,0,0,0,0,0,44,15,0,61,0,0,0,0,0,0,0,0,93,0,0,0,0,0,0,96,0,0,0,0,0,0,0,0,0,0,0,0,0,0,0,0,0,10,0,46,0,0,0,0,0,0,0,0,0,81,29,0,0,0,0,0,75,42,33,0,0,0,87,36,0,0,0,0,24,0,28,0,0,0,0,0,0,65,0,92,77,27,8,0,84,0,80,0,0,69,0,0,0,0,32,0,0,18,0,11,0,0,0,76,0,0,0,0,95,1,97,0,48,0,0,0,0,0,0,0,0,0,0,0,0,0,0,0,0,0,0,0,0,0,0,37,0,0,0,0,0,82,0,0,31
1997,0,55,0,24,0,0,61,0,43,26,84,71,0,0,0,40,48,0,11,0,0,0,0,41,0,0,0,0,0,0,68,0,0,0,0,0,0,0,0,0,96,73,14,0,0,0,0,0,0,0,46,0,0,0,0,0,0,74,0,92,0,0,7,35,0,1,0,0,0,0,0,0,0,18,0,69,29,0,0,0,0,0,0,0,0,80,0,0,0,0,0,0,0,0,0,0,0,0,20,0,0,30,44,0,66,27,0,0,0,2,13,0,97,0,0,0,0,0,0,0,0,0,0,0,0,0,60,0,0,98,0,57,10,33,0,0,0,0,0,0,0,42,0,0,0,6,0,59,65,0,78,0,0,0,0,67,23,0,94,0,0,0,0,100,0,77,0,0,25,0,0,0,48,0,0,0,0,0,62,0,4,0,0,0,0,0,58,0,0,0,0,0,0,0,0,0,63,53,0,83,15,0,0,0,50,0,82,0,0,0,0,93,63,0,0,0,17,8,0,36,0,0,0,0,0,0,0,0,75,0,0,0,0,0,0,0,0,45,12,0,56,0,0,0,0,0,0,0,0,95,0,0,0,0,0,0,0,0,0,0,0,0,0,0,0,0,0,0,0,0,0,0,0,0,5,0,47,89,0,0,0,0,0,88,0,0,76,21,0,0,0,0,0,85,51,39,0,86,0,0,37,0,0,0,0,19,0,32,0,0,0,0,0,0,54,0,0,79,28,9,0,87,0,90,0,0,70,0,0,0,0,38,0,0,22,0,16,0,0,0,72,0,0,0,0,91,3,0,0,52,0,0,0,0,0,0,0,0,0,0,0,0,99,0,0,0,0,0,0,0,0,0,34,0,0,0,0,0,81,0,0,31
1998,0,52,0,22,0,0,68,0,46,26,82,74,0,0,0,31,48,0,11,0,0,0,0,42,0,0,0,0,0,0,84,0,0,0,0,0,0,0,0,0,0,80,14,0,0,0,0,0,0,0,28,0,0,0,0,0,0,85,0,100,0,0,6,39,0,1,0,0,0,0,0,0,0,17,0,65,34,0,0,0,0,0,0,0,0,0,0,0,0,0,0,0,0,0,0,0,0,0,19,0,0,30,38,0,78,21,0,0,0,2,15,0,79,0,0,0,0,0,0,0,0,0,0,0,0,0,53,0,93,0,0,59,12,33,0,0,0,0,0,0,0,35,0,0,0,7,0,56,0,0,0,0,0,0,0,70,23,0,57,0,0,96,90,87,0,76,0,0,20,0,0,0,47,0,0,0,0,0,62,0,4,0,0,0,0,0,58,72,0,0,0,0,0,0,0,0,63,55,0,0,13,0,0,0,60,0,0,88,0,0,0,0,69,0,0,0,25,8,0,40,0,0,0,0,0,0,0,0,61,0,0,0,0,0,0,0,0,48,10,0,50,0,0,0,0,0,0,0,0,86,0,97,0,0,0,0,0,0,0,0,0,0,0,0,0,0,0,0,0,0,0,0,0,0,3,0,54,75,0,0,0,0,0,67,0,0,73,24,0,94,0,0,0,91,51,37,0,66,0,0,36,0,0,0,0,16,0,32,0,0,0,0,0,0,43,0,98,99,29,9,0,83,0,95,0,0,71,0,0,0,0,44,0,0,27,0,18,0,0,0,81,0,0,0,0,89,5,0,0,63,0,0,0,0,0,0,0,0,0,0,0,0,77,0,0,0,0,0,0,0,0,0,41,0,0,0,0,0,92,0,0,45
1999,0,52,0,20,0,0,70,0,48,26,83,72,0,0,0,34,37,0,14,0,0,0,0,39,0,0,0,0,0,0,95,0,0,0,0,0,0,0,0,0,0,84,11,0,0,0,0,0,0,0,25,0,0,0,0,0,0,85,97,0,0,88,6,43,0,1,0,0,0,0,0,0,0,18,0,68,45,0,0,0,0,0,0,0,0,0,0,0,0,0,0,0,0,0,0,0,0,0,19,0,0,33,27,0,78,16,0,0,0,2,17,0,69,0,0,0,0,86,0,0,0,0,0,0,0,0,56,0,92,0,0,73,12,44,0,0,0,0,0,0,0,28,0,0,0,10,0,59,0,0,0,0,0,0,0,80,23,0,46,0,0,77,57,89,0,55,0,0,24,0,0,0,35,0,0,0,0,0,76,0,8,0,0,0,0,0,74,79,0,0,0,0,0,0,0,0,71,60,0,0,15,0,0,0,67,0,0,0,0,0,0,0,94,0,0,0,29,7,0,32,0,0,0,0,0,0,0,0,53,0,0,0,0,0,0,0,0,65,13,0,50,0,0,0,0,0,0,0,0,82,0,87,0,0,0,0,0,0,0,0,0,0,0,0,0,0,0,0,0,0,0,0,0,0,3,0,58,54,0,0,0,0,0,61,0,0,81,22,0,63,0,0,0,96,66,36,0,47,0,0,42,0,0,0,0,4,0,41,0,0,0,0,0,0,38,0,100,0,30,9,0,91,0,0,0,0,63,0,93,0,0,51,0,0,31,0,21,0,0,0,99,0,0,0,0,98,5,0,0,75,0,0,0,0,0,0,0,0,0,0,0,0,62,0,0,0,0,0,0,0,0,0,40,0,0,0,0,0,90,0,0,48
2000,0,46,0,19,0,0,72,0,48,29,90,84,0,0,0,37,35,0,14,0,0,0,0,31,0,0,0,0,0,0,0,0,0,0,0,0,0,0,0,0,0,88,13,0,0,0,0,0,0,0,24,0,0,0,0,0,0,96,91,0,0,92,5,51,0,1,0,0,0,0,0,0,0,22,0,48,55,0,0,0,0,0,0,0,0,0,0,0,0,0,0,0,0,0,0,0,0,0,25,0,0,33,27,0,87,15,93,0,0,2,17,0,52,0,0,0,0,78,0,0,0,0,0,0,0,0,67,0,75,0,0,80,11,53,0,0,0,0,0,0,0,21,0,0,0,9,0,62,0,0,0,0,0,0,0,73,18,0,47,0,0,69,63,65,0,56,0,0,26,0,0,0,32,0,0,0,0,0,83,0,4,0,0,0,0,0,61,85,0,0,0,0,0,0,0,0,74,71,0,0,16,0,0,0,70,0,0,0,0,0,0,0,98,0,0,0,30,6,0,28,0,0,0,0,99,0,0,0,45,0,0,0,0,0,0,0,0,81,10,0,57,0,0,0,0,0,0,0,0,76,0,63,0,0,0,0,0,0,0,0,0,0,0,0,0,0,0,0,0,0,0,0,0,0,3,0,68,43,0,0,0,0,0,50,0,0,82,20,0,59,0,0,0,100,94,39,0,40,0,0,44,0,0,0,0,8,0,42,0,0,0,0,0,0,38,0,86,0,36,12,0,97,0,0,0,0,66,0,79,0,0,58,0,0,34,0,23,0,0,0,0,0,0,0,0,89,7,0,0,77,0,0,0,0,0,0,0,0,0,0,0,0,60,0,0,0,0,0,0,0,0,0,54,0,0,0,0,0,95,0,0,41
2001,0,44,0,22,0,0,72,0,51,28,82,75,0,0,0,36,32,0,12,0,0,0,0,34,0,0,0,0,0,0,0,0,0,0,0,0,0,0,0,0,0,0,17,0,0,0,0,0,0,94,21,0,0,0,0,0,0,98,99,0,0,91,6,66,0,1,0,0,0,0,0,0,0,29,0,47,73,0,0,0,0,0,0,0,0,0,0,0,0,0,0,0,0,0,0,0,0,0,27,100,0,33,19,0,85,11,0,0,0,2,20,0,42,0,0,0,0,50,0,92,0,0,0,0,0,0,76,0,52,0,0,93,14,58,0,0,0,0,0,0,0,23,0,0,0,8,0,70,0,0,0,0,0,0,0,69,18,0,56,0,0,68,54,57,0,55,0,0,24,0,0,0,30,0,0,0,0,0,81,0,4,0,0,0,0,0,62,95,0,0,0,0,0,0,0,0,83,78,0,0,13,0,0,0,77,0,0,0,0,0,0,0,0,0,0,0,37,7,0,31,0,0,0,0,80,0,0,0,35,0,0,0,0,0,0,0,0,79,9,0,59,0,0,0,0,0,0,0,0,89,90,63,0,0,0,0,0,0,0,0,0,0,0,0,0,0,0,0,0,0,0,0,0,0,3,0,74,25,0,0,0,0,0,41,0,0,65,15,0,60,0,0,0,96,97,48,0,48,0,0,45,0,0,0,0,10,0,46,0,0,0,0,0,0,40,0,84,0,39,16,0,0,0,0,0,0,61,0,67,0,0,71,0,0,38,0,26,0,0,0,0,0,0,0,0,88,5,0,0,87,0,0,0,0,0,0,0,0,0,0,0,0,53,0,0,0,0,0,0,0,0,0,63,0,0,0,0,0,86,0,0,43
2002,92,42,100,22,0,0,65,0,56,33,62,63,0,0,0,36,25,0,14,0,0,0,0,37,0,0,0,0,0,0,0,0,0,0,0,0,0,0,0,0,0,0,17,0,0,0,0,0,0,0,23,0,0,0,0,0,0,0,0,0,0,91,7,78,0,1,0,0,0,0,0,0,0,32,0,40,83,0,0,0,0,0,0,0,0,0,0,0,0,0,0,0,0,0,0,0,0,0,26,96,0,30,16,93,98,4,95,0,0,2,27,0,38,0,0,0,0,57,0,81,0,0,0,0,0,0,88,0,48,89,0,0,21,75,0,0,0,0,0,0,0,19,0,0,0,8,0,73,0,0,0,0,0,0,0,61,12,0,60,0,0,59,50,47,0,53,0,0,35,0,0,0,29,0,0,0,0,0,74,0,3,0,0,0,0,0,69,0,0,0,0,0,0,0,0,0,82,85,0,0,13,0,0,0,84,0,0,0,0,0,0,0,0,0,0,97,48,11,0,24,0,0,0,0,71,0,0,0,28,0,0,0,0,0,0,0,0,58,10,0,76,0,0,0,0,0,0,0,0,72,80,45,0,0,0,0,0,0,0,0,0,0,0,0,0,0,0,0,0,0,0,0,0,0,6,0,87,20,0,0,0,0,0,34,0,0,70,15,0,67,0,0,0,0,99,52,0,54,0,0,46,0,0,0,0,9,0,51,0,0,0,0,0,0,41,0,63,0,44,18,0,0,0,0,0,0,55,0,66,0,0,79,0,0,39,0,31,0,0,0,0,0,0,0,0,86,5,0,0,94,0,0,0,0,0,0,0,0,0,0,0,0,68,0,0,0,0,0,0,0,0,0,77,0,0,0,0,0,90,0,0,43
2003,96,38,100,20,0,0,51,0,67,33,63,66,0,0,0,40,21,0,16,0,0,0,0,39,0,0,0,0,0,0,0,0,0,0,0,0,0,0,0,0,0,0,24,0,0,0,0,0,0,93,22,0,0,0,0,0,0,0,95,0,0,88,9,75,0,3,0,0,0,0,0,0,0,34,0,31,0,0,0,0,0,0,0,0,0,0,0,0,0,0,0,0,0,0,0,0,0,0,29,0,0,32,12,0,0,2,82,0,0,1,19,0,36,0,0,0,0,65,0,60,98,0,0,0,0,0,80,0,42,0,0,0,26,76,0,0,0,0,0,0,0,14,0,0,0,10,0,79,0,0,0,0,0,0,0,63,13,0,61,0,0,46,37,41,0,50,0,0,77,0,0,0,30,0,0,0,0,0,81,0,4,0,0,0,0,0,78,0,0,0,0,0,0,0,0,0,73,89,0,0,11,0,0,0,83,0,0,0,0,0,0,0,0,0,0,91,68,17,0,27,0,0,0,0,57,0,0,0,23,0,0,0,0,0,0,0,0,70,7,0,69,0,0,0,0,0,0,0,0,71,72,55,0,0,0,0,0,0,0,0,0,0,0,0,0,0,0,0,0,0,0,0,0,0,6,0,84,15,0,0,0,0,0,28,0,0,85,18,0,62,0,0,0,94,0,58,0,56,0,0,59,0,0,0,0,8,0,45,0,0,0,0,0,0,44,0,43,0,48,25,0,0,0,0,0,0,52,0,47,0,0,90,0,0,48,0,35,0,0,0,0,0,0,0,0,74,5,0,0,0,86,0,0,0,0,0,0,97,0,0,0,0,54,0,0,0,0,0,0,0,0,0,87,0,0,0,0,0,92,0,99,53
2004,0,44,0,19,0,0,47,0,72,39,60,62,0,0,0,42,18,0,13,0,0,0,0,50,0,0,0,0,0,0,0,0,0,0,0,0,0,0,0,0,0,0,28,0,0,0,0,0,0,74,25,0,0,0,0,0,0,0,95,0,0,93,8,86,0,5,0,0,0,0,0,0,0,46,0,32,0,0,0,0,0,0,0,0,0,0,0,0,0,0,0,0,0,0,0,0,0,0,29,97,0,35,14,0,0,2,83,0,0,1,20,0,36,0,0,0,0,61,0,38,82,0,0,0,0,0,79,0,33,0,0,0,27,94,0,0,0,0,0,0,0,11,0,0,0,12,0,77,0,0,0,0,0,0,0,71,17,0,67,0,0,49,34,30,0,53,0,0,90,0,0,0,37,0,0,0,0,0,87,0,3,0,0,0,0,0,89,0,0,0,0,0,0,0,0,0,92,0,0,0,9,0,0,0,88,51,0,0,0,91,0,0,0,0,0,98,81,23,0,24,0,0,0,0,52,0,0,100,16,0,0,0,0,0,0,0,0,78,7,0,70,0,0,0,0,0,0,0,76,69,41,59,0,0,0,0,0,0,0,0,0,0,0,0,0,0,0,0,0,0,0,0,0,85,10,0,84,15,0,0,0,0,0,22,0,0,80,21,0,75,0,0,0,99,0,66,0,48,0,0,64,0,0,0,0,6,0,40,0,0,0,0,0,0,43,0,45,0,65,26,0,0,0,0,0,0,57,0,31,0,0,0,0,0,56,68,54,0,0,0,0,0,0,0,0,63,4,0,0,0,73,0,0,0,0,0,0,0,0,0,0,0,55,0,0,0,0,0,0,0,0,0,0,0,0,0,0,0,0,0,96,58
2005,0,53,0,20,0,0,48,0,87,44,72,57,0,0,0,38,15,83,17,0,0,0,0,52,0,0,0,0,0,0,0,0,0,82,0,0,0,0,0,0,0,0,40,0,0,0,0,0,0,71,26,0,0,0,0,0,0,0,0,0,0,0,9,0,0,6,0,0,0,0,0,0,0,58,0,28,0,0,0,0,0,0,0,0,0,78,0,0,0,0,0,0,0,0,0,0,0,0,43,0,0,42,10,0,0,5,93,0,0,2,23,0,32,0,0,0,76,55,0,29,69,0,0,0,0,0,75,0,31,0,0,0,34,0,0,0,0,0,0,0,0,7,86,0,0,14,0,73,0,0,0,0,0,0,0,77,19,0,65,0,0,47,24,30,0,51,0,0,0,0,0,0,41,0,0,0,0,0,0,0,1,0,0,0,0,0,0,0,0,0,0,0,0,0,0,0,0,0,0,0,11,0,0,0,99,37,0,0,0,92,0,0,0,0,0,0,94,27,97,25,0,0,0,0,48,0,0,74,16,0,0,0,0,90,0,0,0,0,8,0,84,0,0,0,0,0,0,0,63,63,39,59,0,0,0,0,0,0,0,0,0,0,0,0,0,0,0,89,0,0,0,0,0,98,13,0,0,18,0,0,0,0,0,21,0,0,81,22,0,91,0,0,0,100,0,80,0,50,0,0,68,0,0,0,0,4,0,45,0,0,0,0,0,0,36,0,35,0,79,33,0,0,0,0,0,0,61,0,12,0,0,0,0,0,56,46,62,0,0,0,0,70,88,96,0,60,3,0,0,0,66,0,0,0,0,0,0,0,0,0,0,0,54,95,0,0,0,0,0,0,0,0,0,0,0,0,0,0,0,0,85,67
2006,0,80,0,23,0,0,65,0,89,47,87,57,0,0,0,39,16,78,19,0,0,0,0,50,0,0,0,0,0,0,0,0,0,60,0,0,0,0,0,0,0,0,43,0,0,0,0,0,0,55,35,0,0,0,0,0,0,0,0,0,0,0,12,0,0,7,0,0,0,0,0,0,0,66,0,26,0,0,0,0,0,0,0,0,0,95,0,0,0,0,0,0,0,0,0,0,0,0,42,0,0,41,11,0,0,10,100,0,0,5,27,0,28,0,0,0,75,63,0,21,61,0,0,0,0,0,85,0,24,0,0,0,37,0,0,0,0,0,0,0,0,1,59,0,0,15,0,82,0,0,0,0,0,0,0,83,18,0,48,0,0,45,20,29,93,54,0,0,0,0,0,0,31,0,0,0,0,0,0,0,3,0,0,0,0,0,0,0,0,0,0,0,0,0,0,0,0,0,0,0,13,0,0,0,0,33,0,0,0,0,0,0,0,0,0,98,0,38,90,34,0,0,0,0,52,0,0,71,9,0,0,0,0,51,0,0,0,0,8,0,86,0,0,0,0,0,0,0,67,72,40,53,0,0,0,0,0,0,0,0,0,0,0,0,96,0,0,70,0,0,0,0,0,79,17,0,0,14,0,0,0,0,0,22,0,0,92,25,0,94,0,0,0,0,0,91,0,63,0,0,77,0,0,0,0,2,0,46,0,0,0,0,0,0,32,0,30,0,84,36,0,0,0,0,0,0,68,0,4,0,0,0,0,0,58,44,73,0,0,0,0,69,76,88,0,48,6,0,0,0,62,0,0,0,0,0,0,99,0,0,0,0,56,97,0,0,0,0,0,0,0,0,0,0,0,0,0,0,0,0,81,74
2007,0,88,0,24,0,0,76,0,94,43,96,72,0,0,0,48,10,59,23,0,0,0,0,58,0,0,0,0,0,0,0,0,0,38,0,0,0,0,0,0,0,0,50,0,0,0,0,0,0,53,34,0,0,0,0,0,0,0,0,0,0,0,12,0,0,7,0,0,0,0,0,0,0,79,0,25,0,0,0,0,0,0,0,0,0,0,0,0,0,0,0,0,0,0,0,0,0,0,48,0,0,36,9,0,0,14,0,0,0,4,29,0,27,0,0,0,52,75,100,15,73,0,0,0,0,0,89,0,26,0,0,0,42,0,0,0,0,0,0,0,0,2,68,0,0,16,0,74,0,0,0,0,0,0,0,83,20,0,33,0,0,45,19,21,65,57,0,0,0,0,0,0,32,0,0,0,0,0,0,0,5,0,0,0,0,0,0,0,0,0,0,0,92,0,0,0,0,0,0,0,18,0,0,0,0,41,0,0,0,0,0,0,0,77,0,0,0,51,82,39,0,0,0,90,56,0,0,54,8,0,0,0,0,46,0,0,0,0,11,0,86,0,0,0,0,0,0,0,63,84,35,60,0,0,0,0,93,0,0,0,0,0,0,0,87,0,0,62,0,0,0,0,0,78,17,0,0,13,0,0,0,0,0,22,0,0,0,30,0,0,0,0,0,0,0,0,0,69,0,0,85,0,0,0,0,3,0,55,0,0,0,0,0,0,31,0,28,0,98,47,0,0,0,0,95,0,61,0,1,0,0,0,0,0,70,40,91,0,0,0,0,63,67,81,0,37,6,0,0,0,44,0,0,0,0,0,0,0,0,0,0,0,66,97,0,0,0,0,0,0,0,0,99,0,0,0,0,0,0,0,71,80
2008,0,96,0,29,0,0,86,0,90,46,95,75,0,0,0,48,9,57,34,0,0,0,0,63,0,0,0,0,0,0,0,0,0,21,0,0,0,0,0,0,0,0,55,0,0,0,0,0,0,42,44,0,0,0,0,0,0,0,0,0,0,0,13,0,0,6,0,0,0,0,0,0,0,98,0,25,0,0,0,0,0,0,0,0,0,0,0,0,0,0,0,0,0,0,0,0,0,0,54,0,0,40,12,0,0,16,0,0,97,3,31,0,30,100,0,0,41,84,89,10,80,0,0,0,94,0,92,0,27,0,0,0,53,0,0,0,0,0,0,0,0,4,52,0,0,19,0,82,0,0,0,0,0,0,0,87,22,0,33,0,0,50,18,17,36,59,0,0,0,0,0,0,35,0,0,0,0,0,0,0,5,0,0,0,0,0,0,0,0,0,0,0,85,0,0,0,0,0,0,0,20,0,0,0,0,45,0,0,0,0,0,0,0,58,0,0,0,51,68,38,0,0,73,79,62,0,0,48,8,0,0,0,0,47,0,0,0,0,14,0,88,0,0,0,0,0,0,0,74,0,56,63,0,0,0,0,91,0,0,0,0,0,0,0,81,0,99,43,0,0,0,0,0,69,15,0,0,11,0,0,0,0,0,24,0,0,0,32,0,0,0,0,0,0,0,0,0,70,0,0,78,0,0,0,0,1,0,60,0,0,0,0,0,0,26,0,28,0,0,66,0,0,0,0,0,0,65,0,2,0,0,0,0,0,72,37,0,0,0,0,0,61,76,77,0,39,7,0,0,0,23,0,0,0,0,0,0,0,0,0,0,0,67,93,0,0,0,0,0,0,0,0,0,0,0,0,0,0,0,0,71,83
2009,0,0,0,36,0,0,70,0,87,50,0,96,0,0,0,52,9,57,28,0,0,0,0,63,0,0,0,0,0,0,0,0,0,12,0,0,0,0,0,0,0,0,53,0,0,0,0,0,0,39,58,0,0,0,0,0,0,0,0,0,0,0,14,0,0,3,0,0,0,0,0,0,0,0,0,18,0,0,0,0,0,0,0,0,0,0,0,0,0,0,0,0,0,0,0,0,0,0,56,0,0,43,13,0,0,27,0,0,90,4,41,0,33,95,0,0,38,92,85,10,73,0,0,0,80,0,98,0,21,0,0,0,55,0,0,0,0,0,0,0,0,7,54,0,0,29,0,89,0,0,0,97,0,0,0,82,19,0,32,0,0,51,15,17,30,60,0,0,0,0,0,0,37,0,0,0,0,0,0,0,6,0,0,0,0,0,0,0,0,0,0,0,84,0,0,0,0,0,0,0,31,0,0,0,0,63,0,0,0,0,0,0,0,67,0,0,0,61,48,44,0,0,47,69,78,0,0,45,8,0,0,0,0,42,0,0,0,0,16,0,91,0,0,0,0,0,0,0,68,0,59,34,0,0,0,0,93,0,0,0,0,0,0,0,81,0,0,46,0,0,0,0,0,66,20,0,0,11,0,0,0,0,0,26,0,0,0,40,0,0,0,100,0,0,0,0,0,76,0,0,88,0,0,0,0,1,0,65,0,0,0,0,0,0,23,0,22,0,0,77,0,0,0,0,94,0,62,0,2,0,0,0,0,99,79,25,0,0,0,0,0,48,71,74,0,35,5,0,0,0,24,0,0,0,0,0,0,0,0,0,0,0,72,86,0,0,0,0,0,0,0,0,0,0,0,0,0,0,0,0,75,83
2010,0,0,0,34,0,0,80,96,97,43,0,0,0,0,0,52,5,55,38,0,0,0,0,63,89,0,0,0,0,0,0,0,0,11,0,0,0,0,0,0,0,0,59,0,0,0,0,0,0,45,66,0,0,0,0,0,0,0,0,0,0,0,20,0,0,8,0,0,0,0,0,0,0,0,0,15,0,0,0,0,0,0,0,0,0,0,0,0,0,0,0,0,0,0,0,0,0,0,61,0,93,48,18,0,0,29,0,0,71,3,48,0,35,74,0,0,37,0,87,10,65,0,0,0,54,0,0,0,19,0,0,0,56,0,0,0,0,0,0,0,0,9,51,0,0,31,0,86,0,0,0,94,0,0,0,69,25,0,26,0,0,58,12,17,22,75,0,0,0,0,0,0,41,0,0,0,0,0,0,0,6,0,0,0,0,0,0,0,0,0,0,0,77,0,0,0,0,0,0,0,40,0,0,0,0,72,0,0,0,0,0,0,0,36,95,0,0,70,44,50,0,0,46,68,98,0,0,39,4,0,0,0,0,33,0,0,0,0,21,0,0,0,0,0,0,0,0,0,81,0,67,14,100,0,0,0,91,0,0,0,0,0,0,0,85,0,99,53,0,0,0,0,0,57,23,0,0,13,0,0,0,0,0,32,0,0,0,42,0,0,0,0,0,0,0,0,0,78,0,0,92,0,0,0,0,1,0,63,0,0,0,0,0,0,28,0,16,0,0,82,0,0,0,0,90,0,60,0,7,0,0,0,0,0,83,24,0,0,0,0,0,47,73,62,0,27,2,0,0,0,30,0,0,0,0,0,0,0,0,0,0,0,79,88,0,0,0,0,0,0,0,0,0,0,0,0,0,0,0,0,76,84
2011,0,0,0,38,0,0,0,95,0,37,0,0,0,0,0,52,1,54,51,0,0,0,0,67,79,0,0,0,0,0,0,0,0,9,0,0,69,0,0,0,0,0,63,0,0,0,0,0,0,50,86,0,0,0,0,0,0,0,0,0,0,0,21,0,0,12,0,0,0,0,0,0,0,0,0,20,0,0,0,0,0,0,0,0,0,0,0,0,0,0,0,0,0,0,0,0,0,0,59,0,62,44,16,0,0,28,0,87,61,5,48,0,39,72,0,0,33,0,65,11,63,0,0,0,43,0,99,0,19,0,0,0,60,0,0,0,0,0,0,0,0,8,53,0,0,41,0,71,0,0,0,91,0,0,0,68,26,0,32,0,0,66,10,17,15,80,0,0,0,0,0,0,42,0,0,0,0,0,0,0,4,0,0,0,0,0,0,0,0,0,0,0,78,0,0,0,0,0,0,0,57,0,0,98,0,88,0,0,0,0,0,0,0,40,0,0,0,85,30,56,0,0,45,74,0,0,0,27,3,0,0,0,0,31,0,0,0,0,23,0,100,0,0,0,0,0,0,0,82,0,77,22,0,0,0,0,93,0,0,0,0,0,0,0,83,0,94,48,0,0,0,0,0,58,29,0,0,13,0,0,0,0,0,35,0,0,0,46,0,0,0,0,0,0,0,0,0,81,0,0,97,0,0,0,0,2,0,70,0,0,0,0,0,0,24,0,14,0,0,89,0,0,0,0,76,0,55,0,7,0,0,0,0,0,90,25,0,0,0,0,0,36,84,47,0,18,6,0,0,0,34,0,0,0,0,0,0,0,0,0,0,0,96,0,0,0,0,0,0,0,0,0,0,0,0,0,75,0,0,0,73,92
2012,0,0,0,44,0,0,0,87,0,32,0,0,0,0,0,60,1,51,62,0,0,0,0,68,72,0,0,0,0,0,0,0,0,6,0,0,58,0,0,0,0,0,73,0,0,0,0,0,0,59,97,0,0,0,0,0,0,0,0,0,0,0,20,0,0,16,0,0,0,0,0,0,0,0,0,22,0,0,89,0,0,0,0,0,0,0,0,0,0,0,0,0,0,0,0,0,0,0,63,0,61,38,18,0,0,35,0,70,56,4,50,0,36,65,0,0,24,0,57,11,74,0,0,0,34,0,90,0,19,0,0,0,55,0,0,0,0,0,0,0,0,14,52,0,0,42,0,67,0,0,0,83,0,0,0,54,25,0,37,0,0,76,10,17,8,98,88,0,0,0,0,0,45,0,0,0,0,0,0,0,3,0,0,0,0,0,0,0,0,0,0,0,79,0,0,0,0,0,0,0,66,0,0,0,0,92,0,0,0,0,0,0,0,48,0,0,0,0,29,63,0,0,46,0,0,0,0,33,5,0,0,0,0,23,0,0,0,0,27,0,96,0,0,0,0,0,0,0,82,0,75,30,0,0,0,0,94,0,0,0,0,0,0,0,77,0,81,47,0,0,0,0,0,53,41,0,0,7,0,0,0,0,0,26,0,0,84,39,0,0,0,0,0,0,0,0,0,85,0,0,0,0,0,0,0,2,0,80,0,0,0,0,0,0,28,0,13,0,0,0,0,0,0,0,78,0,48,0,12,0,0,0,0,99,95,21,0,0,0,0,0,31,86,43,0,15,9,0,0,0,40,0,0,0,0,0,0,0,0,0,0,0,0,93,0,0,0,0,0,0,0,0,0,100,0,0,69,0,0,0,71,91
2013,0,0,0,46,0,0,0,94,0,27,0,0,0,0,0,65,1,52,76,0,0,0,0,69,63,0,0,0,0,0,0,0,0,4,0,95,56,0,0,0,0,0,77,0,0,0,0,0,0,67,0,0,0,0,0,0,0,0,0,0,0,0,21,0,0,18,0,0,0,0,0,0,0,0,0,23,0,0,84,0,93,0,0,0,0,0,0,0,0,0,0,0,0,0,0,0,0,0,57,0,59,39,16,0,0,43,0,47,63,3,55,0,40,58,0,0,26,0,45,14,74,0,0,0,29,0,81,0,20,0,0,0,60,0,0,0,0,0,0,0,0,13,62,0,0,44,0,61,0,0,0,99,0,0,0,75,33,0,34,0,0,85,8,19,5,89,66,0,0,0,0,0,50,0,0,0,0,0,0,0,6,0,0,0,0,0,0,0,0,0,0,0,82,0,0,0,0,0,0,0,79,0,0,0,0,0,0,0,0,0,0,0,0,53,0,0,0,0,31,71,0,0,42,0,0,0,0,37,12,0,0,0,0,32,0,0,0,0,28,0,100,0,0,0,0,0,0,0,87,0,92,41,0,0,0,0,83,0,0,0,0,0,0,0,73,0,80,36,0,0,0,0,0,51,48,0,0,10,0,0,0,0,0,25,0,0,72,35,0,0,0,0,0,0,0,0,0,90,0,0,0,0,0,0,0,2,0,98,0,0,0,0,0,0,24,0,7,0,0,0,0,0,0,0,68,0,38,0,11,0,0,0,0,0,96,17,0,0,0,0,0,22,91,30,0,15,9,0,0,0,48,0,0,0,0,0,0,0,0,0,0,0,0,86,0,0,0,0,0,0,0,0,88,78,0,0,54,0,0,0,70,97
2014,0,0,0,46,0,0,0,76,0,25,0,0,0,0,0,55,1,63,82,0,0,0,0,70,53,0,0,0,0,0,0,0,0,6,0,91,52,0,0,0,0,0,86,0,0,0,0,0,0,75,0,0,0,0,0,0,0,0,0,0,0,0,23,0,0,19,0,0,0,0,0,0,0,0,0,24,0,0,72,80,93,0,0,0,0,0,0,0,0,0,0,0,0,0,0,0,0,0,60,0,47,37,16,0,0,43,0,32,56,4,57,0,42,50,0,0,27,0,31,14,88,0,0,0,26,0,87,0,21,0,0,0,48,0,0,0,0,0,0,0,0,11,66,0,0,59,89,61,0,0,0,84,0,0,0,81,39,0,34,0,0,92,7,18,3,0,54,0,0,0,0,0,49,0,0,0,0,0,0,0,8,0,0,0,0,0,0,0,0,0,0,0,97,0,0,0,0,0,0,0,77,0,0,0,0,0,0,0,0,0,0,0,0,68,0,0,0,0,38,78,0,0,64,0,0,0,0,40,9,0,0,0,0,35,0,85,0,0,30,0,94,0,0,0,0,0,0,0,0,0,0,44,0,0,0,0,73,0,0,0,0,0,0,0,69,0,74,36,0,0,0,0,0,45,65,0,0,13,0,0,0,0,0,29,0,0,83,41,0,0,0,0,90,0,0,0,0,0,0,0,0,0,0,0,0,2,0,0,0,0,0,0,0,0,22,0,5,0,0,0,0,0,0,100,62,0,33,0,15,0,0,0,0,96,95,17,0,0,0,0,0,20,0,28,0,12,10,0,0,0,58,0,0,0,0,0,0,0,0,79,0,0,0,0,0,0,0,0,0,0,0,0,98,71,0,0,51,0,0,0,67,99
2015,0,0,0,51,0,0,0,88,0,24,0,0,0,0,0,57,1,62,0,0,0,0,0,70,60,0,0,0,95,100,0,0,0,5,0,93,58,0,0,0,0,0,85,0,0,0,0,0,0,0,0,0,0,0,0,0,0,0,0,0,0,0,25,0,0,18,0,0,0,0,91,0,0,0,0,20,0,0,77,74,89,0,0,0,0,0,0,0,0,0,0,0,0,0,0,0,0,0,54,0,49,39,6,0,0,47,0,33,45,3,60,0,43,38,0,0,29,0,28,15,0,0,0,0,23,0,83,0,21,0,0,0,52,0,0,0,0,0,0,0,0,14,64,0,0,55,63,56,0,0,0,80,0,0,0,94,44,0,34,0,0,0,8,19,4,0,42,0,0,0,0,0,48,0,0,0,0,0,0,0,7,0,0,0,0,0,0,0,0,0,0,0,86,0,0,0,0,0,0,0,99,0,0,0,0,0,0,0,0,0,0,0,0,82,0,0,0,0,35,98,0,0,81,0,0,0,0,50,13,0,0,0,0,40,0,78,0,0,32,0,0,0,0,0,0,0,0,0,97,0,0,53,0,0,0,0,73,0,0,0,0,0,0,0,67,0,75,27,0,0,0,0,0,37,76,0,0,9,0,0,79,0,0,30,0,0,0,46,0,0,0,0,71,0,0,0,0,0,0,0,0,0,0,0,0,2,0,0,0,0,0,0,0,69,22,0,10,0,0,0,0,0,0,84,65,0,36,0,17,0,0,0,0,87,96,16,0,0,0,0,0,26,0,31,0,12,11,0,0,0,66,0,0,0,0,0,0,0,0,58,0,0,0,0,0,0,0,0,0,0,0,0,92,68,0,0,41,0,0,0,72,89
2016,0,0,0,58,0,0,0,87,0,17,0,0,0,0,0,55,2,64,0,0,0,0,0,73,61,0,0,0,94,67,0,0,0,5,0,80,66,0,0,0,0,0,0,0,0,0,0,0,0,0,0,0,0,0,0,0,0,0,0,0,0,0,12,0,0,23,0,0,0,0,88,0,0,0,0,22,0,0,82,71,98,0,0,0,0,0,0,0,0,0,0,0,0,0,0,0,0,0,47,0,45,38,9,0,0,48,0,31,41,3,53,0,46,35,0,0,30,0,27,16,0,0,97,0,20,0,88,0,19,0,0,0,54,0,0,0,0,0,0,0,0,15,77,0,0,57,44,49,0,0,0,76,0,0,0,0,52,0,37,0,84,0,6,21,4,0,33,0,0,0,0,0,59,0,0,0,0,0,0,0,8,0,0,0,0,0,0,0,0,0,0,0,93,0,0,0,0,0,0,0,0,0,0,0,0,0,0,0,0,0,0,0,0,0,0,0,0,0,40,99,0,0,85,0,0,0,0,60,7,0,0,0,0,42,0,72,0,0,43,78,100,0,0,0,0,0,0,0,95,0,0,51,0,0,0,0,69,0,0,0,0,0,0,0,75,0,79,25,0,0,0,0,0,39,83,0,0,10,0,0,81,0,0,34,0,0,0,56,0,0,0,0,70,0,0,0,0,0,0,0,0,0,0,0,0,1,0,0,0,0,0,0,0,63,24,0,13,0,0,0,0,0,0,86,62,0,36,0,26,0,0,0,0,90,96,18,0,0,0,0,0,28,0,29,0,11,14,0,0,0,74,0,0,0,0,0,0,0,0,49,0,0,0,0,0,0,0,0,0,0,0,0,91,65,0,0,32,0,0,0,68,92
2017,0,0,0,73,0,0,0,90,0,17,0,0,0,0,0,61,2,72,0,0,0,0,0,75,68,0,0,0,83,47,0,0,80,4,0,84,59,0,0,0,0,0,0,0,0,0,95,0,0,0,0,0,0,0,0,0,0,0,0,0,0,0,12,0,0,32,0,0,0,0,86,0,0,0,0,18,0,0,92,66,97,0,0,0,0,0,0,0,0,0,0,0,0,0,93,0,0,0,54,0,41,44,9,0,0,50,0,28,36,5,52,0,45,42,0,0,33,0,22,13,0,0,0,0,19,0,89,0,20,0,0,0,63,0,0,0,0,0,0,0,0,13,77,0,98,57,34,51,0,0,0,85,0,0,0,0,56,0,39,0,81,0,6,24,3,0,25,0,0,0,0,0,65,0,0,0,0,0,0,0,15,0,0,0,0,0,0,0,0,0,0,0,91,0,0,0,0,0,0,0,0,0,0,0,0,0,0,0,0,0,0,0,0,0,0,0,0,0,38,98,0,0,0,0,0,0,0,64,10,0,0,0,0,43,0,69,0,0,49,48,0,96,0,0,0,0,0,0,0,0,0,46,0,0,0,0,71,0,0,0,0,0,0,0,76,0,78,27,0,0,0,0,0,40,100,0,0,7,0,0,74,0,0,37,0,0,0,58,0,0,0,0,67,0,0,0,0,0,0,0,0,0,0,0,0,1,88,0,0,0,0,0,0,55,21,0,8,0,0,0,0,0,0,79,60,0,35,0,29,0,0,0,0,82,0,30,0,0,0,0,0,23,0,31,0,11,16,0,0,0,86,0,0,0,0,0,0,0,0,53,0,0,0,0,0,0,0,0,0,0,0,0,94,62,0,0,26,0,0,0,70,0